Taxon,TipLabel,IsKeySample
5MT316, USA _ Dog Fossil,FALSE
5MT520, USA _ Dog Fossil,FALSE
CAO1, USA _ Dog Fossil,FALSE
CIAS, USA _ Dog Fossil,FALSE
AM474, USA _ Dog Fossil,FALSE
May10, Mexico _ Dog Fossil,FALSE
May4, Mexico _ Dog Fossil,FALSE
May3, Mexico _ Dog Fossil,FALSE
May2, Mexico _ Dog Fossil,FALSE
JBG13, USA _ Dog Fossil,FALSE
JBG17, USA _ Dog Fossil,FALSE
CISG, USA _ Dog Fossil,FALSE
AL3226, USA _ Dog Fossil,FALSE
ISM172, USA _ Dog Fossil,FALSE
5MT501, USA _ Dog Fossil,FALSE
AL3223, USA _ Dog Fossil,FALSE
AM310A, USA _ Dog Fossil,FALSE
AL3194," Canada _ Dog Fossil_ Port au Choix, Newfoundland, 4402-3912 cal BP",TRUE
ISM070, USA _ Dog Fossil,FALSE
ISM256," USA _ Dog Fossil_ Koster, Illinois_10110-9680 cal BP",TRUE
ISM357," USA _ Dog Fossil_ Koster, Illinois_10110-9680 cal BP",TRUE
jbg1m, USA _ Dog Fossil,FALSE
AL2772, USA _ Dog Fossil,FALSE
OSU626, USA _ Dog Fossil,FALSE
AM310B, USA _ Dog Fossil,FALSE
JBG32, USA _ Dog Fossil,FALSE
JBG45, USA _ Dog Fossil,FALSE
Cox6, USA _ Dog Fossil,FALSE
FR11, USA _ Dog Fossil,FALSE
OSU611, USA _ Dog Fossil,FALSE
ISM090," USA _ Dog Fossil_Modoc, Missouri_8560-8210 cal BP",TRUE
LB2, USA _ Dog Fossil,FALSE
P35, USA _ Dog Fossil,FALSE
P59, USA _ Dog Fossil,FALSE
OSU622, USA _ Dog Fossil,FALSE
AL3198, USA _ Dog Fossil,FALSE
LR742734, Alaska _ Dog Fossil,FALSE
LR742742," Alaska _ Dog Fossil_Cape Espenberg, Kotzebue Sound_~950 BP",TRUE
LR742853, Northwest Territories _ Dog Fossil,FALSE
LR742739, Alaska _ Wolf Fossil,FALSE
LR742764, Alaska _ Dog Fossil,FALSE
LR742761, Alaska _ Dog Fossil,FALSE
PRD1, Canada _ Dog Fossil,FALSE
CINHA, USA _ Dog Fossil,FALSE
LR742736, Alaska _ Dog Fossil,FALSE
LR742792, Russia _ Dog Fossil,FALSE
LR742849, Nunavat _ Dog Fossil,FALSE
LR742852, Nortwest Territories _ Dog Fossil,FALSE
LR742848, Nunavat _ Dog Fossil,FALSE
LR742794, Russia _ Dog Fossil,FALSE
LR745091, Russia _ Dog Fossil,FALSE
LR742735, Alaska _ Dog Fossil,FALSE
LR742858, Nunavat _ Dog Fossil,FALSE
CICVD, USA _ Dog Fossil,FALSE
CINH7, USA _ Dog Fossil,FALSE
CGG1," Russia _ Dog Fossil_ Zhokhov site, Zhokhov island, New Siberian Islands_8775-9015 cal BP",TRUE
LR742748, Alaska _  Dog Fossil,FALSE
LR742765, Alaska _ Dog Fossil,FALSE
LR745138, Greenland _ Dog Fossil,FALSE
LR742831, Greenland _ Dog Fossil,FALSE
LR745161, Greenland _ Dog Fossil,FALSE
LR742872, Canada _ Dog Fossil,FALSE
LR742818, Greenland _ Dog Fossil,FALSE
LR745137, Greenland _ Dog Fossil,FALSE
LR745188, Greenland _ Dog Fossil,FALSE
LR742875, Canada _ Dog Fossil,FALSE
LR742808, Greenland _ Dog Fossil,FALSE
LR742819, Greenland _ Dog Fossil,FALSE
LR742847, Labrador _ Dog Fossil,FALSE
LR742828, Greenland _ Dog Fossil,FALSE
LR742832, Greenland _ Dog Fossil,FALSE
LR742874, Canada _ Dog Fossil,FALSE
LR745162, Greenland _ Dog Fossil,FALSE
LR742811, Greenland _ Dog Fossil,FALSE
LR742812, Greenland _ Dog Fossil,FALSE
LR742830, Greenland _ Dog Fossil,FALSE
LR742851, Nunavat _ Dog Fossil,FALSE
LR742855, Northwest Territories _ Dog Fossil,FALSE
LR742850, Nunavat _ Dog Fossil,FALSE
LR742813, Greenland _ Dog Fossil,FALSE
LR742815, Greenland _ Dog Fossil,FALSE
LR742843, Greenland _ Dog Fossil,FALSE
LR745129, Nunavat _ Dog Fossil,FALSE
LR742814, Greenland _ Dog Fossil,FALSE
LR742822, Greenland _ Dog Fossil,FALSE
LR745175, Canada _ Dog Fossil,FALSE
LR745197, Greenland _ Dog Fossil,FALSE
LR745194, Alaska _ Dog Fossil,FALSE
LR742859, Nunavat _ Dog Fossil,FALSE
LR742807, Greenland _ Dog Fossil,FALSE
LR742766, Alaska _ Dog Fossil,FALSE
LR742854, Northwest Territories _ Dog Fossil,FALSE
LR745061, Iceland _ Dog Fossil,FALSE
LR742863, Nortwest Territories _ Dog Fossil,FALSE
LR745149, Northwest Territories _ Dog Fossil,FALSE
LR742866, Northwest Territories _ Dog Fossil,FALSE
LR742861, Nunavat _ Dog Fossil,FALSE
LR745183, Alaska _ Dog Fossil,FALSE
LR742844, Canada _ Dog Fossil,FALSE
LR742867, Nunavat _ Dog Fossil,FALSE
LR745062, Russia _ Dog Fossil_ Boisman II_7500 - 6000 cal BP,TRUE
LR742743, Alaska _ Dog Fossil,FALSE
LR742868, Nunavat _ Dog Fossil,FALSE
LR742810, Greenland _ Dog Fossil,FALSE
LR742790, Russia _ Dog Fossil,FALSE
LR742746, Alaska _ Dog Fossil,FALSE
LR742760, Alaska _ Dog Fossil,FALSE
LR742763, Alaska _ Dog Fossil,FALSE
LR742862, Norwest Territories _ Dog Fossil,FALSE
LR745118, Northwest Territories _ Dog Fossil,FALSE
LR742809, Greenland _ Dog Fossil,FALSE
CGG3," Russia _ Dog Fossil_Zhokhov site, Zhokhov island, New Siberian Islands_8480-8635 cal BP",TRUE
CGG16, Siberia _ Wolf Fossil,FALSE
SRR11193486, Greenland _ Greenland Sled Dog Modern,TRUE
SRR11193490, Greenland _ Greenland Sled Dog Modern,TRUE
SRR11193493, Greenland _ Greenland Sled Dog Modern,TRUE
SRR11193487, Greenland _ Greenland Sled Dog Modern,TRUE
SRR11193510, Greenland _ Greenland Sled Dog Modern,TRUE
SRR11193491, Greenland _ Greenland Sled Dog Modern,TRUE
SRR11193494, Greenland _ Greenland Sled Dog Modern,TRUE
SRR11193492, Greenland _ Greenland Sled Dog Modern,TRUE
SRR11193488, Greenland _ Greenland Sled Dog Modern,TRUE
SRR11193499, Greenland _ Greenland Sled Dog Modern,TRUE
KU290819, Venezuela _ Samoyed_Modern,TRUE
LR742751, Alaska _ Dog Fossil,FALSE
LR742829, Greenland _ Dog Fossil,FALSE
LR742837, Greenland _ Dog Fossil,FALSE
LR745179, Greenland _ Dog Fossil,FALSE
LR742826, Greenland _ Dog Fossil,FALSE
LR742749, Alaska _ Dog Fossil,FALSE
LR742753, Alaska _ Dog Fossil,FALSE
LR742834, Greenland _ Dog Fossil,FALSE
LR745170, Greenland _ Dog Fossil,FALSE
LR742841, Greenland _ Dog Fossil,FALSE
LR745195, Greenland _ Dog Fossil,FALSE
LR745151, Russia _ Dog Fossil,FALSE
LR745190, Russia _ Dog Fossil,FALSE
LR742821, Greenland _ Dog Fossil,FALSE
LR742824, Greenland _ Dog Fossil,FALSE
LR745150, Greenland _ Dog Fossil,FALSE
LR742838, Greenland _ Dog Fossil,FALSE
LR745191, Greenland _ Dog Fossil,FALSE
LR742842, Greenland _ Dog Fossil,FALSE
LR745166, Greenland _ Dog Fossil,FALSE
LR745130, Greenland _ Dog Fossil,FALSE
LR742845, Canada _ Dog Fossil,FALSE
LR742778, Russia _ Dog Fossil,FALSE
LR745174, Russia _ Dog Fossil,FALSE
LR742752, Alaska _ Dog Fossil,FALSE
LR742870, Canada _ Dog Fossil,FALSE
KU290873, Honduras _ Husky_Modern,TRUE
CGG10," Russia _ Dog Fossil_Aachim Lighthouse, western Chukotka_1720-1780 cal BP",TRUE
CGG11," Russia _ Dog Fossil_Aachim Lighthouse, western Chukotka_1700-1740 cal BP",TRUE
LR745055, Russia _ Dog Fossil,FALSE
LR742737, Alaska _ Dog Fossil,FALSE
DQ480499, Sweden _ Husky_Modern,TRUE
LR745181, Russia _ Dog Fossil,FALSE
LR742779, Russia _ Dog Fossil,FALSE
LR742740,  Alaska _ Dog Fossil,FALSE
LR745069, Alaska _ Wolf Fossil,FALSE
LR742802, Greenland _ Dog Fossil,FALSE
LR742805, Greenland _ Dog Fossil,FALSE
LR745092, Greenland _ Dog Fossil,FALSE
LR745154, Denmark _ Dog Fossil,FALSE
LR742820, Greenland _ Dog Fossil,FALSE
LR745187, Greenland _ Dog Fossil,FALSE
LR742836, Greenland _ Dog Fossil,FALSE
LR742750, Alaska _ Dog Fossil,FALSE
LR742856, Northwest Territories _ Dog Fossil,FALSE
LR745114, Nunavat _ Dog Fossil,FALSE
LR742873, Canada _ Dog Fossil,FALSE
LR742731, Alaska _ Dog Fossil,FALSE
LR745052, Alaska _ Dog Fossil,FALSE
LR742732, Alaska _ Dog Fossil,FALSE
LR742804, Greenland _ Dog Fossil,FALSE
LR742864, Northwest Territories _ Dog Fossil,FALSE
LR742745, Alaska _ Dog Fossil,FALSE
LR742793, Russia _ Dog Fossil,FALSE
LR742865, Northwest Territories _ Dog Fossil,FALSE
LR745070, Russia _ Dog Fossil,FALSE
LR742787, Russia _ Dog Fossil,FALSE
LR745101, Alaska _ Dog Fossil,FALSE
LR745088, Russia _ Dog Fossil,FALSE
LR742785, Russia _ Dog Fossil,FALSE
LR742791, Russia _ Dog Fossil,FALSE
LR745078, Russia _ Dog Fossil,FALSE
LR745120, Nunavat _ Dog Fossil,FALSE
AL3284, Central Eurasia _ Wolf Fossil,FALSE
JK2181, Europe _ Wolf Fossil,FALSE
PA1, China _ Wolf Fossil,FALSE
CGG15, Siberia _ Wolf Fossil,FALSE
CGG22, Siberia _ Wolf Fossil,FALSE
CGG26," Siberia _ Wolf Fossil_ Yana RHS, Siberia_32.0 ka BP",TRUE
CGG25, Siberia _ Wolf Fossil,FALSE
LOW006, Siberia _ Wolf Fossil,FALSE
VAL_050, Siberia _ Wolf Fossil,FALSE
AL2744, Central Eurasia _ Wolf Fossil,FALSE
WolfHead, Siberia _ Wolf Fossil,FALSE
Bj5, Saudi_Arabia _ Wolf Fossil,FALSE
ThA13, Oman  _ Wolf Fossil,FALSE
ThA14, Iran  _ Wolf Fossil,FALSE
AL2657, Europe _ Wolf Fossil,FALSE
CGG33, Siberia _ Wolf Fossil,FALSE
Bj1, Russia _ Wolf Fossil,FALSE
ThA2, Western_Russia  _ Wolf Fossil,FALSE
ThA1, Finland  _ Wolf Fossil,FALSE
PON012, Europe _ Wolf Fossil,FALSE
JK2179, Europe _ Wolf Fossil,FALSE
CGG19, Siberia _ Wolf Fossil,FALSE
VAL_011, Siberia _ Wolf Fossil,FALSE
Yana1, Siberia _ Wolf Fossil,TRUE
AL3185, Europe _ Wolf Fossil,FALSE
LR742776, Russia _ Dog Fossil,FALSE
LR745178, Alaska _ Dog Fossil,FALSE
LR745053, Russia _ Wolf Fossil,FALSE
LR745068, Russia _ Dog Fossil,FALSE
LR745076, Russia _ Dog Fossil,FALSE
LR745081, Russia _ Dog Fossil,FALSE
TU4, Belgium _ Wolf Fossil,FALSE
ThA16, China  _ Wolf Fossil,FALSE
Fr1, Isreal _ Wolf Fossil,FALSE
Ms20, Syria _ Wolf Fossil,FALSE
ThA5, Israel  _ Wolf Fossil,FALSE
Ms1, Afganistan _ Wolf Fossil,FALSE
ThA6, India  _ Wolf Fossil,FALSE
Fr2, Croatia _ Wolf Fossil,FALSE
Bj3, Spain _ Wolf Fossil,FALSE
Ms22, Spain _ Wolf Fossil,FALSE
LR742727, USA _ Wolf Fossil,FALSE
LR742755, Alaska _ Dog Fossil,FALSE
LR745186, Alaska _ Wolf Fossil,FALSE
LR742754, Alaska _ Dog Fossil,FALSE
LR745182, Alaska _ Wolf Fossil,FALSE
Ms9, Alaska _ Wolf Fossil,FALSE
ThA37, Canada _ Wolf Fossil,FALSE
LR742738, Alaska _ Wolf Fossil,FALSE
LR742789, Russia _ Dog Fossil,FALSE
LR745098, Labrador _ Wolf Fossil,FALSE
LR745077, Russia _ Dog Fossil,FALSE
LR745192, Alaska _ Wolf Fossil,FALSE
MA7, Japan _ Wolf Fossil,FALSE
ThA22, Canada_West _ Wolf Fossil,FALSE
ThA20, Canada _ Wolf Fossil,FALSE
Ms15, Canada_North _ Wolf Fossil,FALSE
Ms13, Canada_North _ Wolf Fossil,FALSE
ThA36, Alaska _ Wolf Fossil,FALSE
LR742757, Alaska _ Wolf Fossil,FALSE
ThA29, Alaska _ Wolf Fossil,FALSE
ThA27, USA _ Wolf Fossil,FALSE
ThA31, USA _ Wolf Fossil,FALSE
ThA32, USA _ Wolf Fossil,FALSE
LR742747, Alaska _ Wolf Fossil,FALSE
LR745083, Russia _ Dog Fossil,FALSE
Ms5, Saudi_Arabia _ Wolf Fossil,FALSE
ThA18, Isreal  _ Wolf Fossil,FALSE
Ms2, Denmark _ Wolf Fossil,FALSE
ThA7, Western_Russia  _ Wolf Fossil,FALSE
ThA12, Poland  _ Wolf Fossil,FALSE
ThA15, Sweden  _ Wolf Fossil,FALSE
Ar1, Sweden  _ Wolf Fossil,FALSE
ThA10, Ukraine  _ Wolf Fossil,FALSE
LR745087, Russia _ Dog Fossil,FALSE
HMNH_011, Europe _ Wolf Fossil,FALSE
Zh4, China _ Wolf Fossil,FALSE
Zh5, Mongolia _ Wolf Fossil,FALSE
Bj6, Canada _ Wolf Fossil,FALSE
Ms16, Canada_North _ Wolf Fossil,FALSE
Ms10, Canada_East _ Wolf Fossil,FALSE
ThA26, Canada_West _ Wolf Fossil,FALSE
ThA33, USA _ Wolf Fossil,FALSE
Ms18, Canada_South _ Wolf Fossil,FALSE
Ms17, Canada_South _ Wolf Fossil,FALSE
Ms11, Canada_North _ Wolf Fossil,FALSE
ThA25, Canada_North _ Wolf Fossil,FALSE
Ms12, Canada_North _ Wolf Fossil,FALSE
Ms14, Canada_North _ Wolf Fossil,FALSE
Ms19, Canada_North _ Wolf Fossil,FALSE
ThA24, Canada_North _ Wolf Fossil,FALSE
ThA19, Canada _ Wolf Fossil,FALSE
Ms7, Alaska _ Wolf Fossil,FALSE
Ms8, Alaska _ Wolf Fossil,FALSE
PRW89, Canada _ Wolf Fossil,FALSE
ThA21, Alaska _ Wolf Fossil,FALSE
ThA38, Canada _ Wolf Fossil,FALSE
ThA9, Western_Russia  _ Wolf Fossil,FALSE
CGG20, Siberia _ Wolf Fossil,FALSE
CGG21, Siberia _ Wolf Fossil,FALSE
LR742780, Siberia _ Wolf Fossil,FALSE
LR745086, Russia _ Dog Fossil,FALSE
ThA23, Russia _ Wolf Fossil,FALSE
ThA28, Mexico _ Wolf Fossil,FALSE
EU789658, Mexico _ Wolf Fossil,FALSE
TH14, Siberia _ Dog Fossil,FALSE
TU14, Czech_Republic _ Wolf Fossil,FALSE
TU11,  Switzerland _ Wolf Fossil,FALSE
TH10, Alaska _ Wolf Fossil,FALSE
SK1, Siberia _ Wolf Fossil,FALSE
Taimyr1,"Siberia _ Wolf Fossil_Taimyr Peninsula, Siberia_35,000 cal BP",TRUE
VAL_005, Siberia _ Wolf Fossil,FALSE
AB499817, Japan _ Husky_Modern,TRUE
MA3, Japan _ Wolf Fossil,FALSE
MA6, Japan _ Wolf Fossil,FALSE
MA4, Japan _ Wolf Fossil,FALSE
MA5, Japan _ Wolf Fossil,FALSE
MA9, Japan  _ Wolf Fossil,FALSE
MA2, Japan _ Wolf Fossil,FALSE
MA1, Japan _ Wolf Fossil,FALSE
CGG23, Siberia _ Wolf Fossil,FALSE
AL2370, Europe _ Wolf Fossil,FALSE
HMNH_007, Europe _ Wolf Fossil,FALSE
ThA11, Italy  _ Wolf Fossil,FALSE
ThA8, Poland  _ Wolf Fossil,FALSE
TU5, Belgium _ Wolf Fossil,FALSE
IRK, Europe _ Wolf Fossil,FALSE
LR742784, Russia  _ Wolf Fossil,FALSE
LR745080, Russia _ Dog Fossil,FALSE
TU8, Belgium _ Wolf Fossil,FALSE
TU839, Europe _ Wolf Fossil,FALSE
TH7, Switzerland _ Wolf Fossil,FALSE
TU13,  Switzerland _ Wolf Fossil,FALSE
TH12,"  Russia _ Wolf Fossil_ RazboinichyaCave, 33,000 ka BP",TRUE
AL2541," Europe _ Wolf Fossil_ Goyet, Belgium, 36.0 ka BP",TRUE
CGG27, Siberia _ Wolf Fossil,FALSE
LOW002, Siberia _ Wolf Fossil,FALSE
LOW007, Siberia _ Wolf Fossil,FALSE
TH8, Alaska _ Wolf Fossil,FALSE
CGG18, Siberia _ Wolf Fossil,FALSE
JK2175, Europe _ Wolf Fossil,FALSE
LOW003, Siberia _ Wolf Fossil,FALSE
VAL_037, Siberia _ Wolf Fossil,FALSE
VAL_012, Siberia _ Wolf Fossil,FALSE
VAL_033, Siberia _ Wolf Fossil,FALSE
AL2741, Central Eurasia _ Wolf Fossil,FALSE
VAL_18A, Siberia _ Wolf Fossil,FALSE
CGG29, Siberia _ Wolf Fossil,FALSE
CGG32, Siberia _ Wolf Fossil,FALSE
CGG12, Siberia _ Wolf Fossil,FALSE
LOW008, Siberia _ Wolf Fossil,FALSE
AH574, Europe _ Wolf Fossil,FALSE
TH1, Belgium _ Wolf Fossil,FALSE
TU7, Belgium _ Wolf Fossil,FALSE
TU6, Belgium _ Wolf Fossil,FALSE
JK2174, Europe _ Wolf Fossil,FALSE
TH3, Belgium _ Wolf Fossil,FALSE
TU10,  Armenia  _ Wolf Fossil,FALSE
Ms25, India  _ Wolf Fossil,FALSE
Zh1, China _ Wolf Fossil,FALSE
Zh2, China _ Wolf Fossil,FALSE
Zh8, China _ Wolf Fossil,FALSE
Zh6, China _ Wolf Fossil,FALSE
coyote1, USA _ Coyote,FALSE
